{
    "Hololens": {
        "stock_count": 17
    },
    "Vive": {
        "stock_count": 5
    },
    "Laptop": {
        "stock_count": 6
    },
    "USB to Ethernet Adapter": {
        "stock_count": 8
    },
    "10ft USB-C cable": {
        "stock_count": 12
    },
    "10ft Ethernet Cord": {
        "stock_count": 5
    },
    "Surge Protector": {
        "stock_count": 3
    },
    "Headband": {
        "stock_count": 6
    },
    "Xbox Controller": {
        "stock_count": 6
    },
    "Xbox Dongle": {
        "stock_count": 7
    },
    "4 port usb hub": {
        "stock_count": 8
    },
    "Hololens Alcohol Wipes": {
        "stock_count": 13
    }
}